{
    "p": 3.3299999999999996,
    "v": -0.3823500000000001,
    "v_digit_array": [
        -1,
        0,
        3,
        8,
        2,
        3,
        5
    ],
    "p_digit_array": [
        1,
        3,
        3,
        3
    ]
}