{
    "p": 3.3299999999999996,
    "v": 1.4111599999999997,
    "v_digit_array": [
        1,
        1,
        4,
        1,
        1,
        1,
        6
    ],
    "p_digit_array": [
        1,
        3,
        3,
        3
    ]
}